date,product,sales
2024-01-01,Widget A,150.0
2024-01-01,Widget B,95.0
2024-01-02,Widget A,165.0
2024-01-02,Widget B,105.0
2024-01-03,Widget A,140.0
2024-01-03,Widget B,110.0
2024-01-04,Widget A,180.0
2024-01-04,Widget B,125.0
2024-01-05,Widget A,210.0
2024-01-05,Widget B,140.0
2024-01-06,Widget A,195.0
2024-01-06,Widget B,135.0
2024-01-07,Widget A,170.0
2024-01-07,Widget B,115.0
2024-01-08,Widget A,220.0
2024-01-08,Widget B,150.0
2024-01-09,Widget A,240.0
2024-01-09,Widget B,160.0
2024-01-10,Widget A,260.0
2024-01-10,Widget B,175.0
